{"cameraMode":{"drawMode":0,"name":"Shaded","section":"Shading Mode"},"sceneLighting":true,"audioPlay":false,"sceneViewState":{"showFog":true,"showMaterialUpdate":false,"showSkybox":true,"showFlares":true,"showImageEffects":true,"showParticleSystems":true},"in2DMode":false,"pivot":{"x":-0.15761089324951173,"y":2.023900032043457,"z":13.54823112487793},"rotation":{"x":-0.11343474686145783,"y":0.35578516125679018,"z":-0.043553631752729419,"w":-0.9266350865364075},"size":10.0,"orthographic":false}